{
  "articles": [
    {
      "id": "r-yk7khrld",
      "title": "Product Opportunity Explorer - Metrics Guide",
      "category": "Otras",
      "modifiedTime": 1765668473690.9531
    },
    {
      "id": "r-vj6iddt2",
      "title": "Reporte de Higiene de Cuenta: VAJILLAS Corona | OBS360 Blog",
      "category": "Otras",
      "modifiedTime": 1765668473688.19
    },
    {
      "id": "r-teria1y3",
      "title": "Nielsen Report: Curating the Narrative",
      "category": "Otras",
      "modifiedTime": 1765668473684.7612
    },
    {
      "id": "r-ta8mpgnb",
      "title": "Explicación de Pensamiento de Primeros Principios",
      "category": "Otras",
      "modifiedTime": 1765668473682.29
    },
    {
      "id": "r-p9zo6rm2",
      "title": "In-Depth Analysis of the Amazon Ads CPC Environment | OBS360 Blog",
      "category": "Estrategia",
      "modifiedTime": 1765668473679.5571
    },
    {
      "id": "r-ntf1jphh",
      "title": "Análisis Interactivo de la Marca Poppi con IA",
      "category": "Otras",
      "modifiedTime": 1765668473674.944
    },
    {
      "id": "r-n6ppru77",
      "title": "PPC Playbook Infographic Preview",
      "category": "Estrategia",
      "modifiedTime": 1765668473666.8162
    },
    {
      "id": "r-lkg9kvu6",
      "title": "Interactive Guide to Amazon Logistics: AWD & AGL",
      "category": "Estrategia",
      "modifiedTime": 1765668473663.3848
    },
    {
      "id": "r-kdp7sim3",
      "title": "KDP Simulator v9: ACOS Resultante | OBS360 Blog",
      "category": "Herramientas",
      "modifiedTime": 1765668473658.9543
    },
    {
      "id": "r-kdg51xre",
      "title": "The U.S. Latino Market: A New Era of Growth",
      "category": "Estrategia",
      "modifiedTime": 1765668473652.6748
    },
    {
      "id": "r-ewdkxo7h",
      "title": "U.S. Latino Market Strategy Report | A Synthesis of Modern Marketing Visions",
      "category": "Estrategia",
      "modifiedTime": 1765668473648.7295
    },
    {
      "id": "r-bozoi772",
      "title": "Economía del Crédito con Bitcoin: La Revolución del Colateral",
      "category": "Otras",
      "modifiedTime": 1765668473645.3823
    },
    {
      "id": "r-9p5p4kez",
      "title": "Amazon PPC Playbook Mentor",
      "category": "Estrategia",
      "modifiedTime": 1765668473642.3584
    },
    {
      "id": "r-9bmh2k5t",
      "title": "Reporte de Funnel de Conversión - VITASEI",
      "category": "Otras",
      "modifiedTime": 1765668473638.0293
    },
    {
      "id": "r-7wve3grv",
      "title": "Guía Interactiva de Amazon Logistics: AWD y AGL",
      "category": "Estrategia",
      "modifiedTime": 1765668473631.3174
    },
    {
      "id": "r-3n8mcrjz",
      "title": "Informe de Gestión: Cristal Up - Agosto 2025 | OBS360 Blog",
      "category": "Otras",
      "modifiedTime": 1765668473622.2422
    }
  ]
}