{
  "r-8xo3bmtj": {
    "title": "Explicación de Pensamiento de Primeros Principios",
    "date": "Diciembre 2025",
    "category": "Herramientas",
    "excerpt": "Explicación de Pensamiento de Primeros Principios",
    "tags": [],
    "createdAt": "2025-12-13T23:39:40.778Z"
  },
  "r-3qoquyw0": {
    "title": "Explicación de Pensamiento de Primeros Principios",
    "date": "Diciembre 2025",
    "category": "Otras",
    "excerpt": "-",
    "tags": [],
    "createdAt": "2025-12-13T23:49:41.018Z"
  },
  "r-cwdnmpf2": {
    "title": "Rocketbook MKT v3",
    "date": "Diciembre 2025",
    "category": "Análisis",
    "excerpt": "Rocketbook MKT v3",
    "tags": [
      "rocketbook"
    ],
    "createdAt": "2025-12-14T02:05:17.176Z"
  },
  "r-e2gdmvfa": {
    "title": "Rocketbook Market v3",
    "date": "Diciembre 2025",
    "category": "Análisis",
    "excerpt": "Rocketbook Market v3",
    "tags": [
      "rocketbook"
    ],
    "createdAt": "2025-12-14T02:10:42.667Z"
  },
  "r-eja91hpc": {
    "title": "Firebase manual v2",
    "date": "Diciembre 2025",
    "category": "Otras",
    "excerpt": "Firebase manual v2",
    "tags": [
      "firebase manual"
    ],
    "createdAt": "2025-12-15T16:49:54.772Z"
  }
}