{
  "articles": [
    {
      "id": "r-eja91hpc",
      "title": "Manual Básico de Firebase",
      "category": "Otras",
      "modifiedTime": 1765817394755.3096
    },
    {
      "id": "r-cwdnmpf2",
      "title": "Amazon Command Center: Operación Vacío",
      "category": "Estrategia",
      "modifiedTime": 1765677917120.404
    },
    {
      "id": "r-yk7khrld",
      "title": "Product Opportunity Explorer - Metrics Guide",
      "category": "Otras",
      "modifiedTime": 1765670211453.27
    },
    {
      "id": "r-lkg9kvu6",
      "title": "Interactive Guide to Amazon Logistics: AWD & AGL",
      "category": "Estrategia",
      "modifiedTime": 1765670211452.27
    },
    {
      "id": "r-vj6iddt2",
      "title": "Reporte de Higiene de Cuenta: VAJILLAS Corona | OBS360 Blog",
      "category": "Otras",
      "modifiedTime": 1765670211448.2703
    },
    {
      "id": "r-n6ppru77",
      "title": "PPC Playbook Infographic Preview",
      "category": "Estrategia",
      "modifiedTime": 1765670211426.2703
    },
    {
      "id": "r-teria1y3",
      "title": "Nielsen Report: Curating the Narrative",
      "category": "Otras",
      "modifiedTime": 1765670211421.2703
    },
    {
      "id": "r-ta8mpgnb",
      "title": "Explicación de Pensamiento de Primeros Principios",
      "category": "Otras",
      "modifiedTime": 1765670211416.2703
    },
    {
      "id": "r-p9zo6rm2",
      "title": "In-Depth Analysis of the Amazon Ads CPC Environment | OBS360 Blog",
      "category": "Estrategia",
      "modifiedTime": 1765670211397.2705
    },
    {
      "id": "r-ntf1jphh",
      "title": "Análisis Interactivo de la Marca Poppi con IA",
      "category": "Otras",
      "modifiedTime": 1765670211387.2705
    },
    {
      "id": "r-kdg51xre",
      "title": "The U.S. Latino Market: A New Era of Growth",
      "category": "Estrategia",
      "modifiedTime": 1765670211298.271
    },
    {
      "id": "r-kdp7sim3",
      "title": "KDP Simulator v9: ACOS Resultante | OBS360 Blog",
      "category": "Herramientas",
      "modifiedTime": 1765670211292.271
    },
    {
      "id": "r-ewdkxo7h",
      "title": "U.S. Latino Market Strategy Report | A Synthesis of Modern Marketing Visions",
      "category": "Estrategia",
      "modifiedTime": 1765670211284.271
    },
    {
      "id": "r-bozoi772",
      "title": "Economía del Crédito con Bitcoin: La Revolución del Colateral",
      "category": "Otras",
      "modifiedTime": 1765670211277.271
    },
    {
      "id": "r-9p5p4kez",
      "title": "Amazon PPC Playbook Mentor",
      "category": "Estrategia",
      "modifiedTime": 1765670211268.271
    },
    {
      "id": "r-9bmh2k5t",
      "title": "Reporte de Funnel de Conversión - VITASEI",
      "category": "Otras",
      "modifiedTime": 1765670211171.2715
    },
    {
      "id": "r-7wve3grv",
      "title": "Guía Interactiva de Amazon Logistics: AWD y AGL",
      "category": "Estrategia",
      "modifiedTime": 1765670211168.2715
    },
    {
      "id": "r-3n8mcrjz",
      "title": "Informe de Gestión: Cristal Up - Agosto 2025 | OBS360 Blog",
      "category": "Otras",
      "modifiedTime": 1765670211073.272
    },
    {
      "id": "r-3qoquyw0",
      "title": "Explicación de Pensamiento de Primeros Principios",
      "category": "Otras",
      "modifiedTime": 1765669781010.4526
    },
    {
      "id": "r-8xo3bmtj",
      "title": "Explicación de Pensamiento de Primeros Principios",
      "category": "Otras",
      "modifiedTime": 1765669180770.4907
    },
    {
      "id": "r-jj7mazpr",
      "title": "E-Commerce Strategic Compass: Seller's View",
      "category": "Otras",
      "modifiedTime": 1765649246275.625
    },
    {
      "id": "r-u77hfkoz",
      "title": "Amazon Command Center: Operación Vacío",
      "category": "Estrategia",
      "modifiedTime": 1765545205438.8855
    },
    {
      "id": "r-u24ij3da",
      "title": "Anyeluz: Deep Dive Cosméticos 2026",
      "category": "Otras",
      "modifiedTime": 1765544862353.4875
    },
    {
      "id": "r-0f5bmxjk",
      "title": "Nano Banana Pro Playbook",
      "category": "Herramientas",
      "modifiedTime": 1765440078376.6353
    }
  ]
}