{
  "amz-product-opportunity-ex-metrics.html": "r-yk7khrld.html",
  "loop-market-vs-funnel.html": "r-9bmh2k5t.html",
  "agl-guide-spanish.html": "r-7wve3grv.html",
  "amazon-ppc-playbook-mentor.html": "r-9p5p4kez.html",
  "poppi-summary-1.html": "r-ntf1jphh.html",
  "cristal-up-agosto-2025.html": "r-3n8mcrjz.html",
  "adb-a-tool-i-use-every-month-to-better-manage-my-amazon-ppc-campaigns.html": "r-n6ppru77.html",
  "bitcoin-loan.html": "r-bozoi772.html",
  "agl-guide.html": "r-lkg9kvu6.html",
  "mkt-hispanic.html": "r-teria1y3.html",
  "primeros-principios.html": "r-ta8mpgnb.html",
  "latino-us-market-101525.html": "r-kdg51xre.html",
  "latino-us-market-compilado-101725.html": "r-ewdkxo7h.html",
  "vajillas-corona-higiene.html": "r-vj6iddt2.html",
  "amazon-cpc-analysis.html": "r-p9zo6rm2.html"
}